[
  {
    "id": 4,
    "usuario_id": 2,
    "gtr_asignado": 1,
    "clientes_asignados": 114,
    "meta_mensual": "50000.00",
    "ventas_realizadas": "0.00",
    "comision_porcentaje": "5.00",
    "created_at": "2025-10-17T16:31:24",
    "updated_at": "2025-11-26T15:04:31"
  },
  {
    "id": 5,
    "usuario_id": 4,
    "gtr_asignado": 1,
    "clientes_asignados": 124,
    "meta_mensual": "50000.00",
    "ventas_realizadas": "0.00",
    "comision_porcentaje": "5.00",
    "created_at": "2025-10-17T16:31:24",
    "updated_at": "2025-11-26T16:08:06"
  },
  {
    "id": 7,
    "usuario_id": 7,
    "gtr_asignado": 1,
    "clientes_asignados": 3,
    "meta_mensual": "50000.00",
    "ventas_realizadas": "0.00",
    "comision_porcentaje": "5.00",
    "created_at": "2025-10-17T16:31:24",
    "updated_at": "2025-11-25T16:25:10"
  },
  {
    "id": 8,
    "usuario_id": 8,
    "gtr_asignado": 1,
    "clientes_asignados": 280,
    "meta_mensual": "50000.00",
    "ventas_realizadas": "0.00",
    "comision_porcentaje": "5.00",
    "created_at": "2025-10-17T16:31:24",
    "updated_at": "2025-11-26T18:52:55"
  },
  {
    "id": 9,
    "usuario_id": 9,
    "gtr_asignado": 1,
    "clientes_asignados": 142,
    "meta_mensual": "50000.00",
    "ventas_realizadas": "0.00",
    "comision_porcentaje": "5.00",
    "created_at": "2025-10-17T16:31:24",
    "updated_at": "2025-11-26T18:53:15"
  },
  {
    "id": 10,
    "usuario_id": 10,
    "gtr_asignado": 1,
    "clientes_asignados": 123,
    "meta_mensual": "50000.00",
    "ventas_realizadas": "0.00",
    "comision_porcentaje": "5.00",
    "created_at": "2025-10-17T16:31:24",
    "updated_at": "2025-11-26T15:30:07"
  },
  {
    "id": 12,
    "usuario_id": 12,
    "gtr_asignado": 1,
    "clientes_asignados": 153,
    "meta_mensual": "50000.00",
    "ventas_realizadas": "0.00",
    "comision_porcentaje": "5.00",
    "created_at": "2025-10-17T16:31:24",
    "updated_at": "2025-11-26T16:30:15"
  },
  {
    "id": 13,
    "usuario_id": 14,
    "gtr_asignado": 1,
    "clientes_asignados": 1,
    "meta_mensual": "50000.00",
    "ventas_realizadas": "0.00",
    "comision_porcentaje": "5.00",
    "created_at": "2025-10-17T16:31:24",
    "updated_at": "2025-11-14T15:36:03"
  },
  {
    "id": 15,
    "usuario_id": 32,
    "gtr_asignado": null,
    "clientes_asignados": 125,
    "meta_mensual": "50.00",
    "ventas_realizadas": "0.00",
    "comision_porcentaje": "5.00",
    "created_at": "2025-11-20T08:59:04",
    "updated_at": "2025-11-26T16:27:38"
  },
  {
    "id": 16,
    "usuario_id": 33,
    "gtr_asignado": null,
    "clientes_asignados": 109,
    "meta_mensual": "50.00",
    "ventas_realizadas": "0.00",
    "comision_porcentaje": "5.00",
    "created_at": "2025-11-20T08:59:05",
    "updated_at": "2025-11-26T16:02:56"
  },
  {
    "id": 17,
    "usuario_id": 16,
    "gtr_asignado": null,
    "clientes_asignados": 53,
    "meta_mensual": "50.00",
    "ventas_realizadas": "0.00",
    "comision_porcentaje": "5.00",
    "created_at": "2025-11-20T09:12:32",
    "updated_at": "2025-11-26T18:49:42"
  },
  {
    "id": 18,
    "usuario_id": 6,
    "gtr_asignado": null,
    "clientes_asignados": 150,
    "meta_mensual": "0.00",
    "ventas_realizadas": "0.00",
    "comision_porcentaje": "0.00",
    "created_at": "2025-11-20T14:50:48",
    "updated_at": "2025-11-26T18:53:15"
  },
  {
    "id": 20,
    "usuario_id": 36,
    "gtr_asignado": null,
    "clientes_asignados": 105,
    "meta_mensual": "50.00",
    "ventas_realizadas": "0.00",
    "comision_porcentaje": "5.00",
    "created_at": "2025-11-21T18:29:18",
    "updated_at": "2025-11-26T18:53:08"
  },
  {
    "id": 21,
    "usuario_id": 26,
    "gtr_asignado": null,
    "clientes_asignados": 126,
    "meta_mensual": "50.00",
    "ventas_realizadas": "0.00",
    "comision_porcentaje": "5.00",
    "created_at": "2025-11-22T08:48:32",
    "updated_at": "2025-11-26T15:30:40"
  },
  {
    "id": 22,
    "usuario_id": 37,
    "gtr_asignado": null,
    "clientes_asignados": 3,
    "meta_mensual": "50.00",
    "ventas_realizadas": "0.00",
    "comision_porcentaje": "5.00",
    "created_at": "2025-11-22T10:53:30",
    "updated_at": "2025-11-24T15:26:44"
  },
  {
    "id": 23,
    "usuario_id": 38,
    "gtr_asignado": null,
    "clientes_asignados": 139,
    "meta_mensual": "50.00",
    "ventas_realizadas": "0.00",
    "comision_porcentaje": "5.00",
    "created_at": "2025-11-22T13:56:42",
    "updated_at": "2025-11-26T18:44:58"
  },
  {
    "id": 24,
    "usuario_id": 39,
    "gtr_asignado": null,
    "clientes_asignados": 187,
    "meta_mensual": "50.00",
    "ventas_realizadas": "0.00",
    "comision_porcentaje": "5.00",
    "created_at": "2025-11-22T13:58:17",
    "updated_at": "2025-11-26T17:51:07"
  }
]