[
  {
    "id": 1,
    "asesor_id": 2,
    "fecha": "2025-11-14",
    "clientes_atendidos": 0,
    "clientes_reasignados": 1,
    "created_at": "2025-11-14T11:57:37",
    "updated_at": "2025-11-14T11:57:37"
  },
  {
    "id": 2,
    "asesor_id": 12,
    "fecha": "2025-11-14",
    "clientes_atendidos": 0,
    "clientes_reasignados": 2,
    "created_at": "2025-11-14T13:24:02",
    "updated_at": "2025-11-14T15:36:03"
  },
  {
    "id": 4,
    "asesor_id": 9,
    "fecha": "2025-11-14",
    "clientes_atendidos": 0,
    "clientes_reasignados": 1,
    "created_at": "2025-11-14T17:58:32",
    "updated_at": "2025-11-14T17:58:32"
  }
]