[
  {
    "id": 2,
    "nombre": "ANDREA YANEL CATALAN MAYTA",
    "email": "acatalanm@albru.pe",
    "username": "acatalanm",
    "password": "$2b$10$aB6.tgv6GOTSd/xyX7/j2.h0W3xLV8dSnFZgL9y4AmPkeLFl0FLvm",
    "telefono": 927392745,
    "tipo": "asesor",
    "estado": "activo",
    "created_at": "2025-10-13T17:30:31",
    "updated_at": "2025-11-26T11:12:31",
    "ultimo_acceso": null,
    "theme_primary": "#e91e63",
    "theme_secondary": "#9c27b0",
    "theme_accent": "#f48fb1",
    "theme_background": "#fce4ec",
    "theme_surface": "#ffffff",
    "brand_name": "Andrea Catal????n - Asesor",
    "logo_path": "/assets/logo-acatalanm.png",
    "permissions": "[\"view_clients\", \"edit_clients\", \"create_clients\", \"wizard_access\"]",
    "dashboard_path": "/dashboard/asesor"
  },
  {
    "id": 4,
    "nombre": "CRISTHIAN DIEGO MACEDO LEYVA",
    "email": "cmacedol@albru.pe",
    "username": "cmacedol",
    "password": "$2b$10$Bw8mxTkTem5UBBZ/mQdl/u4Xed4Ax4.z3oYkb1hx7LEf08s7RIGcW",
    "telefono": 968286531,
    "tipo": "asesor",
    "estado": "activo",
    "created_at": "2025-10-13T17:30:31",
    "updated_at": "2025-11-26T08:34:07",
    "ultimo_acceso": null,
    "theme_primary": "#ff9800",
    "theme_secondary": "#3f51b5",
    "theme_accent": "#ffb74d",
    "theme_background": "#fff3e0",
    "theme_surface": "#ffffff",
    "brand_name": "Cristhian Macedo - Asesor",
    "logo_path": "/assets/logo-cmacedol.png",
    "permissions": "[\"view_clients\", \"edit_clients\", \"create_clients\", \"wizard_access\"]",
    "dashboard_path": "/dashboard/asesor"
  },
  {
    "id": 6,
    "nombre": "REILEX GABRIEL RAMIREZ TOVAR",
    "email": "rramirezt@albru.pe",
    "username": "rramirezt",
    "password": "$2b$10$YqLeWodicOa8gdLMUrCxL.j7A9EzfV37vNUtwghxNOmPsef3Tss0a",
    "telefono": 922055254,
    "tipo": "asesor",
    "estado": "activo",
    "created_at": "2025-10-16T14:58:23",
    "updated_at": "2025-11-26T09:06:19",
    "ultimo_acceso": null,
    "theme_primary": "#ff9800",
    "theme_secondary": "#2196f3",
    "theme_accent": "#ffb74d",
    "theme_background": "#fff3e0",
    "theme_surface": "#ffffff",
    "brand_name": "Reilex Ramirez - Supervisor",
    "logo_path": "/assets/logo-rramirezt.png",
    "permissions": "[\"view_all_clients\", \"view_reports\", \"monitor_asesores\", \"manage_team\"]",
    "dashboard_path": "/dashboard/supervisor"
  },
  {
    "id": 7,
    "nombre": "GINGER STEPHANY CABRERA NIZAMA",
    "email": "gcabreran@albru.pe",
    "username": "gcabreran",
    "password": "$2b$10$T1MVtUKk30LjjAAltkfAw.jUzxA7aBVtal/l5znRW3bW.w0YhR5km",
    "telefono": 912964147,
    "tipo": "asesor",
    "estado": "activo",
    "created_at": "2025-10-16T14:58:23",
    "updated_at": "2025-11-14T17:53:53",
    "ultimo_acceso": null,
    "theme_primary": "#3f51b5",
    "theme_secondary": "#4caf50",
    "theme_accent": "#7986cb",
    "theme_background": "#e8eaf6",
    "theme_surface": "#ffffff",
    "brand_name": "GINGER STEPHANY - Asesor",
    "logo_path": "/assets/logo-gcabreran.png",
    "permissions": "[\"view_clients\", \"edit_clients\", \"create_clients\", \"wizard_access\"]",
    "dashboard_path": "/dashboard/asesor"
  },
  {
    "id": 8,
    "nombre": "JESSICA DIANA MEZA VELASQUEZ",
    "email": "jmezav@albru.pe",
    "username": "jmezav",
    "password": "$2b$10$nFze9/6UUjFRzi9KaXSyxe/IUJMBN3FQVpzURpoljVsf11Vu7HGEK",
    "telefono": 922255453,
    "tipo": "asesor",
    "estado": "activo",
    "created_at": "2025-10-16T14:58:23",
    "updated_at": "2025-11-26T12:42:33",
    "ultimo_acceso": null,
    "theme_primary": "#3f51b5",
    "theme_secondary": "#4caf50",
    "theme_accent": "#7986cb",
    "theme_background": "#e8eaf6",
    "theme_surface": "#ffffff",
    "brand_name": "JESSICA DIANA - Asesor",
    "logo_path": "/assets/logo-jmezav.png",
    "permissions": "[\"view_clients\", \"edit_clients\", \"create_clients\", \"wizard_access\"]",
    "dashboard_path": "/dashboard/asesor"
  },
  {
    "id": 9,
    "nombre": "JHUDIT ARIAS ROJAS",
    "email": "jariasr@albru.pe",
    "username": "jariasr",
    "password": "$2b$10$f.khQtCJSCCMwfR51W1IeeyJakcWltjKc9v7PjKajGBhLY3sexLjS",
    "telefono": 988673606,
    "tipo": "asesor",
    "estado": "activo",
    "created_at": "2025-10-16T14:58:23",
    "updated_at": "2025-11-26T12:11:57",
    "ultimo_acceso": null,
    "theme_primary": "#3f51b5",
    "theme_secondary": "#4caf50",
    "theme_accent": "#7986cb",
    "theme_background": "#e8eaf6",
    "theme_surface": "#ffffff",
    "brand_name": "JHUDIT ARIAS - Asesor",
    "logo_path": "/assets/logo-jariasr.png",
    "permissions": "[\"view_clients\", \"edit_clients\", \"create_clients\", \"wizard_access\"]",
    "dashboard_path": "/dashboard/asesor"
  },
  {
    "id": 10,
    "nombre": "JUAN PABLO CLEMENT CLEMENT",
    "email": "jclementc@albru.pe",
    "username": "jclementc",
    "password": "$2b$10$jGrFAuA9wuBOgZQXM9y6FO21U2exLWTf6TH7MYqNv1mVZs.dVqQ6K",
    "telefono": 950190431,
    "tipo": "asesor",
    "estado": "activo",
    "created_at": "2025-10-16T14:58:23",
    "updated_at": "2025-11-26T08:35:45",
    "ultimo_acceso": null,
    "theme_primary": "#3f51b5",
    "theme_secondary": "#4caf50",
    "theme_accent": "#7986cb",
    "theme_background": "#e8eaf6",
    "theme_surface": "#ffffff",
    "brand_name": "JUAN PABLO - Asesor",
    "logo_path": "/assets/logo-jclementc.png",
    "permissions": "[\"view_clients\", \"edit_clients\", \"create_clients\", \"wizard_access\"]",
    "dashboard_path": "/dashboard/asesor"
  },
  {
    "id": 12,
    "nombre": "LUCIA PAREDES CASAMAYOR",
    "email": "lparedesc@albru.pe",
    "username": "lparedesc",
    "password": "$2b$10$aQI4CD6uZhJdejtKelcsJOoqXyGs4AprVY/YOC9HZjZ5klXC6FS6O",
    "telefono": 921752266,
    "tipo": "asesor",
    "estado": "activo",
    "created_at": "2025-10-16T14:58:23",
    "updated_at": "2025-11-26T08:23:37",
    "ultimo_acceso": null,
    "theme_primary": "#3f51b5",
    "theme_secondary": "#4caf50",
    "theme_accent": "#7986cb",
    "theme_background": "#e8eaf6",
    "theme_surface": "#ffffff",
    "brand_name": "LUCIA PAREDES - Asesor",
    "logo_path": "/assets/logo-lparedesc.png",
    "permissions": "[\"view_clients\", \"edit_clients\", \"create_clients\", \"wizard_access\"]",
    "dashboard_path": "/dashboard/asesor"
  },
  {
    "id": 13,
    "nombre": "MATIAS JOSU?? C??CERES VASQUEZ",
    "email": "mcaceresv@albru.pe",
    "username": "mcaceresv",
    "password": "$2b$10$vcFcpZ5Ahqu0c60qX3g2s.rxg5wVyn2wJBgjdZJRkeJufxi3r60YK",
    "telefono": 967098495,
    "tipo": "gtr",
    "estado": "activo",
    "created_at": "2025-10-16T14:58:23",
    "updated_at": "2025-11-27T01:33:14",
    "ultimo_acceso": null,
    "theme_primary": "#009688",
    "theme_secondary": "#ff5722",
    "theme_accent": "#4db6ac",
    "theme_background": "#e0f2f1",
    "theme_surface": "#ffffff",
    "brand_name": "Matias C????ceres - GTR",
    "logo_path": "/assets/logo-mcaceresv.png",
    "permissions": "[\"view_all_clients\", \"assign_clients\", \"view_asesores\", \"manage_assignments\"]",
    "dashboard_path": "/dashboard/gtr"
  },
  {
    "id": 14,
    "nombre": "KIARA MIA VIVANCO ALVA",
    "email": "kvivancoa@albru.pe",
    "username": "kvivancoa",
    "password": "$2b$10$u4iZi5zHtwmTj./Uh4L20eKz0uBXzVAYUg/kQWnNwPPYTL0r9IILS",
    "telefono": 925527658,
    "tipo": "asesor",
    "estado": "activo",
    "created_at": "2025-10-16T14:58:23",
    "updated_at": "2025-11-14T10:28:58",
    "ultimo_acceso": null,
    "theme_primary": "#3f51b5",
    "theme_secondary": "#4caf50",
    "theme_accent": "#7986cb",
    "theme_background": "#e8eaf6",
    "theme_surface": "#ffffff",
    "brand_name": "KIARA MIA - Asesor",
    "logo_path": "/assets/logo-kvivancoa.png",
    "permissions": "[\"view_clients\", \"edit_clients\", \"create_clients\", \"wizard_access\"]",
    "dashboard_path": "/dashboard/asesor"
  },
  {
    "id": 15,
    "nombre": "NAYELI AMELUZ PALACIOS SIMBALA",
    "email": "npalacioss@albru.pe",
    "username": "npalacioss",
    "password": "$2b$10$d5OYRtRjBaVWvEWphf00FuAFN6mL7I2PoRIag6Z0t4PmXneYnhi8q",
    "telefono": 966306637,
    "tipo": "validador",
    "estado": "activo",
    "created_at": "2025-10-16T14:58:23",
    "updated_at": "2025-11-22T11:18:41",
    "ultimo_acceso": null,
    "theme_primary": "#673ab7",
    "theme_secondary": "#e91e63",
    "theme_accent": "#9575cd",
    "theme_background": "#ede7f6",
    "theme_surface": "#ffffff",
    "brand_name": "NAYELI AMELUZ - Validador",
    "logo_path": "/assets/logo-npalacioss.png",
    "permissions": "[\"view_validations\", \"process_validations\", \"approve_documents\"]",
    "dashboard_path": "/dashboard/validaciones"
  },
  {
    "id": 16,
    "nombre": "ROXANA GISELA VILLAR BAZAN",
    "email": "rvillarb@albru.pe",
    "username": "rvillarb",
    "password": "$2b$10$nAk4Y1gj2wdUb49ZRG8rleb8FlMSKx5HmHc4iL.zx/HnTrsbIMZKC",
    "telefono": 930568869,
    "tipo": "asesor",
    "estado": "activo",
    "created_at": "2025-10-16T14:58:23",
    "updated_at": "2025-11-26T13:40:29",
    "ultimo_acceso": null,
    "theme_primary": "#673ab7",
    "theme_secondary": "#e91e63",
    "theme_accent": "#9575cd",
    "theme_background": "#ede7f6",
    "theme_surface": "#ffffff",
    "brand_name": "ROXANA GISELA - Validador",
    "logo_path": "/assets/logo-rvillarb.png",
    "permissions": "[\"view_validations\", \"process_validations\", \"approve_documents\"]",
    "dashboard_path": "/dashboard/validaciones"
  },
  {
    "id": 23,
    "nombre": "ADMIN",
    "email": "admin@albru.com",
    "username": "None",
    "password": "$2b$10$XGKmkJlWXJmKVl5qGUVHPO3vU6M3BF5F3I3GrOzHCW3IQGGQNGbMm",
    "telefono": 999000000,
    "tipo": "admin",
    "estado": "activo",
    "created_at": "2025-11-10T18:59:38",
    "updated_at": "2025-11-21T18:25:37",
    "ultimo_acceso": null,
    "theme_primary": "#1976d2",
    "theme_secondary": "#dc004e",
    "theme_accent": "#42a5f5",
    "theme_background": "#f5f5f5",
    "theme_surface": "#ffffff",
    "brand_name": null,
    "logo_path": null,
    "permissions": "[\"full_access\", \"manage_users\", \"view_all_data\", \"system_settings\"]",
    "dashboard_path": "/dashboard/admin"
  },
  {
    "id": 26,
    "nombre": "CHRISTHIAN ALBERTS VASQUEZ SANTACRUZ",
    "email": "cvasquezs@albru.pe",
    "username": "cvasquezs",
    "password": "$2b$10$bxUu38KA7.CMyMIglyJ9cu4AnKXKhhbN6e2H9j47/gqjCSGYF4W6m",
    "telefono": 74225484,
    "tipo": "asesor",
    "estado": "activo",
    "created_at": "2025-11-14T10:39:31",
    "updated_at": "2025-11-26T10:24:01",
    "ultimo_acceso": null,
    "theme_primary": "#1976d2",
    "theme_secondary": "#dc004e",
    "theme_accent": "#42a5f5",
    "theme_background": "#f5f5f5",
    "theme_surface": "#ffffff",
    "brand_name": null,
    "logo_path": null,
    "permissions": null,
    "dashboard_path": null
  },
  {
    "id": 32,
    "nombre": "SEBASTIAN ANTONIO ANDRE AGUIRRE FIESTAS",
    "email": "saguirref@albru.pe",
    "username": "saguirref",
    "password": "$2b$12$8voYgEqVb6rJ16kKAUr7beW9Ehdrtdk5TlU7c..k32LkpIkeOBXP6",
    "telefono": 72048710,
    "tipo": "asesor",
    "estado": "activo",
    "created_at": "2025-11-20T08:59:04",
    "updated_at": "2025-11-26T08:34:04",
    "ultimo_acceso": null,
    "theme_primary": "#1976d2",
    "theme_secondary": "#dc004e",
    "theme_accent": "#42a5f5",
    "theme_background": "#f5f5f5",
    "theme_surface": "#ffffff",
    "brand_name": null,
    "logo_path": null,
    "permissions": "[\"view_clients\", \"edit_clients\", \"create_clients\", \"wizard_access\"]",
    "dashboard_path": "/dashboard/asesor"
  },
  {
    "id": 33,
    "nombre": "GINER ALEXANDER LOAYZA GONZAGA",
    "email": "gloayzag@albru.pe",
    "username": "gloayzag",
    "password": "$2b$12$rcMOjjAPYZ25jHj2JBYnye9dAeXVLcR7yhIbDn1QR6gXulwMkmzVG",
    "telefono": 60826335,
    "tipo": "asesor",
    "estado": "activo",
    "created_at": "2025-11-20T08:59:05",
    "updated_at": "2025-11-25T08:24:50",
    "ultimo_acceso": null,
    "theme_primary": "#1976d2",
    "theme_secondary": "#dc004e",
    "theme_accent": "#42a5f5",
    "theme_background": "#f5f5f5",
    "theme_surface": "#ffffff",
    "brand_name": null,
    "logo_path": null,
    "permissions": "[\"view_clients\", \"edit_clients\", \"create_clients\", \"wizard_access\"]",
    "dashboard_path": "/dashboard/asesor"
  },
  {
    "id": 35,
    "nombre": "ADMIN",
    "email": "admin1@albru.pe",
    "username": "admin1",
    "password": "$2b$12$WRqA75zZb7LWdLUG34EfM.GwEYI66a0HVBE3idXIi.fbvWdJ4w1sa",
    "telefono": 12345678,
    "tipo": "admin",
    "estado": "activo",
    "created_at": "2025-11-21T18:26:32",
    "updated_at": "2025-11-21T18:26:53",
    "ultimo_acceso": null,
    "theme_primary": "#1976d2",
    "theme_secondary": "#dc004e",
    "theme_accent": "#42a5f5",
    "theme_background": "#f5f5f5",
    "theme_surface": "#ffffff",
    "brand_name": null,
    "logo_path": null,
    "permissions": "[\"full_access\", \"manage_users\", \"view_all_data\", \"system_settings\"]",
    "dashboard_path": "/dashboard/admin"
  },
  {
    "id": 36,
    "nombre": "BRYAM JHESON HERMITA??O VEGA",
    "email": "bhermita??ov@albru.pe",
    "username": "bhermita??ov",
    "password": "$2b$12$TnMB2ilX4FsilpuyU7PyzenG4/cuKUTu3oyd5s9IzlQjuvIFPf1Vi",
    "telefono": 77275364,
    "tipo": "asesor",
    "estado": "activo",
    "created_at": "2025-11-21T18:29:18",
    "updated_at": "2025-11-26T18:49:57",
    "ultimo_acceso": null,
    "theme_primary": "#1976d2",
    "theme_secondary": "#dc004e",
    "theme_accent": "#42a5f5",
    "theme_background": "#f5f5f5",
    "theme_surface": "#ffffff",
    "brand_name": null,
    "logo_path": null,
    "permissions": "[\"view_clients\", \"edit_clients\", \"create_clients\", \"wizard_access\"]",
    "dashboard_path": "/dashboard/asesor"
  },
  {
    "id": 37,
    "nombre": "ELIANA CONZUELO CONCA ATENCIO",
    "email": "econcaa@albru.pe",
    "username": "econcaa",
    "password": "$2b$12$vHldLKhYpTghvsFyoW0f3u7laLgFHS/LKVB7rHl/XOcTsuSqZr3Za",
    "telefono": 76660954,
    "tipo": "asesor",
    "estado": "activo",
    "created_at": "2025-11-22T10:53:30",
    "updated_at": "2025-11-24T14:26:20",
    "ultimo_acceso": null,
    "theme_primary": "#1976d2",
    "theme_secondary": "#dc004e",
    "theme_accent": "#42a5f5",
    "theme_background": "#f5f5f5",
    "theme_surface": "#ffffff",
    "brand_name": null,
    "logo_path": null,
    "permissions": "[\"view_clients\", \"edit_clients\", \"create_clients\", \"wizard_access\"]",
    "dashboard_path": "/dashboard/asesor"
  },
  {
    "id": 38,
    "nombre": "OJT1",
    "email": "ojt1@albru.pe",
    "username": "ojt1",
    "password": "$2b$12$yS3n6ZWKrYnxFdYd3MovieRCjPyrcXxIHbIFAkbVYxVThcLNlwgvW",
    "telefono": 77777777,
    "tipo": "asesor",
    "estado": "activo",
    "created_at": "2025-11-22T13:56:42",
    "updated_at": "2025-11-26T14:09:58",
    "ultimo_acceso": null,
    "theme_primary": "#1976d2",
    "theme_secondary": "#dc004e",
    "theme_accent": "#42a5f5",
    "theme_background": "#f5f5f5",
    "theme_surface": "#ffffff",
    "brand_name": null,
    "logo_path": null,
    "permissions": "[\"view_clients\", \"edit_clients\", \"create_clients\", \"wizard_access\"]",
    "dashboard_path": "/dashboard/asesor"
  },
  {
    "id": 39,
    "nombre": "OJT2",
    "email": "ojt2@albru.pe",
    "username": "ojt2",
    "password": "$2b$12$PnVXtOo8AryV7dOF35CyXull.CUuMsyN18n/7ZKyKoUYKUbM/23wC",
    "telefono": 88888888,
    "tipo": "asesor",
    "estado": "activo",
    "created_at": "2025-11-22T13:58:17",
    "updated_at": "2025-11-26T14:06:21",
    "ultimo_acceso": null,
    "theme_primary": "#1976d2",
    "theme_secondary": "#dc004e",
    "theme_accent": "#42a5f5",
    "theme_background": "#f5f5f5",
    "theme_surface": "#ffffff",
    "brand_name": null,
    "logo_path": null,
    "permissions": "[\"view_clients\", \"edit_clients\", \"create_clients\", \"wizard_access\"]",
    "dashboard_path": "/dashboard/asesor"
  }
]